,countryName,Country_Code,Year,Secondhand smoke,alcoholUse,Diet low in fruits,Diet low in vegetables,Low physical activity,High body-mass index,Smoking
37,China,CHN,2017,386641.4085653725,670297.3077528622,718507.1133439306,277782.2265036009,249699.34453024212,823869.2607532024,2197652.6138145984
38,Colombia,COL,2017,3637.8316237296794,11337.691691078711,4282.860071430382,8335.632572858514,4931.9838879546705,24986.067257439896,19433.680558053904
72,Guatemala,GTM,2017,934.9517283069777,7673.751447780576,2315.894200025885,1803.839917088067,718.459560876417,7355.504601369962,3768.8771505357113
112,Mexico,MEX,2017,9754.307555539324,52225.015560761974,17182.957979466497,19070.708141685558,14314.15415778724,115425.73224906971,51575.45496968501
185,United States,USA,2017,25924.944419874137,80985.81668149543,85150.79481164804,69406.50796869773,72957.31791901778,408831.4451914523,422011.25493931584
